id,name,latitude,longitude,locality_verbose,cuisines,average_cost_for_two,price_range,aggregate_rating,votes,all_reviews_count,photo_count,establishment,establishment_types
19074290,Metro Eat Out,13.0501204270,80.2123185620,Vadapalani/ Chennai,Beverages/ Fast Food,150,1,0,2,0,1,Beverage Shop,
19242216,Udipi Ganesh Bhavan,13.0499189043,80.2132630348,Vadapalani/ Chennai,South Indian,150,1,0,1,0,0,Quick Bites,
18647947,Asima Briyani Multicuisine Restaurant,13.0500093772,80.2117931843,Vadapalani/ Chennai,Biryani/ Chinese/ North Indian/ Chettinad,700,2,3.7,138,64,79,Casual Dining,
19318920,Ambur Ajib Briyani,13.0489818378,80.2119340003,Vadapalani/ Chennai,Biryani/ Chinese,200,1,3.2,9,6,0,Quick Bites,
67274,Ambur Star Biryani,13.0499783486,80.2135460079,Vadapalani/ Chennai,Biryani/ North Indian/ Chinese/ Chettinad/ Arabian,700,2,3.8,272,85,24,Quick Bites,
18670128,Firangi Bake,13.0495625647,80.2114109695,Vadapalani/ Chennai,Italian/ Mexican,400,1,3.8,79,51,34,,
18886953,The Good Bowl,13.0495553791,80.2114009112,Vadapalani/ Chennai,North Indian/ Biryani/ Italian,500,2,4.0,51,27,43,,
18670133,Sweet Truth,13.0495354554,80.2113911882,Vadapalani/ Chennai,Bakery,300,1,3.8,28,16,53,,
18670048,Behrouz Biryani - Royal & Safe,13.0494926685,80.2113871649,Vadapalani/ Chennai,Biryani/ North Indian/ Mughlai,700,2,3.9,180,119,84,,
18670125,Ovenstory Pizza,13.0494671923,80.2113851532,Vadapalani/ Chennai,Italian/ Pizza,400,1,4.0,89,55,76,,
18670047,Faasos,13.0493306660,80.2114096284,Vadapalani/ Chennai,Fast Food/ North Indian/ Biryani/ Rolls,450,1,4.3,189,117,69,,
19268414,The Biryani Life,13.0496373601,80.2113264799,Vadapalani/ Chennai,Biryani/ North Indian,350,1,0,0,0,23,,
19261121,Shri Padmavati Mess,13.0509960854,80.2126286924,Vadapalani/ Chennai,South Indian,200,1,0,0,0,3,Quick Bites,
72331,Berry 'n' Blossom,13.0495847747,80.2112165093,Vadapalani/ Chennai,Bakery/ Fast Food/ Beverages,500,2,3.8,36,22,169,Bakery,
65248,Hotel Saravana Bhavan,13.0503770000,80.2137880000,Vadapalani/ Chennai,North Indian/ South Indian/ Desserts/ Beverages/ Mithai,550,2,4.0,566,256,175,Casual Dining,
18452780,Tibb's Frankie,13.0508461687,80.2116835490,Vadapalani/ Chennai,Rolls,200,1,3.5,28,4,6,,
18518453,Madras Coffee House,13.0508631528,80.2116540447,Vadapalani/ Chennai,Tea/ Street Food/ Desserts,200,1,3.4,13,6,35,Quick Bites,
19282649,Mr And Mrs Fast Food,13.0511600465,80.2127034590,Vadapalani/ Chennai,Chinese,300,1,0,0,0,0,Quick Bites,
19344369,Aaha Cafe,13.0488430000,80.2137990000,Vadapalani/ Chennai,Fast Food/ Sandwich/ Beverages,200,1,3.3,9,7,2,Quick Bites,
19314158,Nikhila Andhra Mess,13.0492499914,80.2109865099,Vadapalani/ Chennai,Andhra,250,1,0,1,0,0,Mess,
66148,Mithai Mandir,13.0510810055,80.2135235444,Vadapalani/ Chennai,Gujarati/ Street Food/ North Indian/ Mithai,300,1,4.2,437,230,229,Quick Bites,
19253666,Uncle John's Sandwich,13.0492388864,80.2142098546,Vadapalani/ Chennai,Fast Food,150,1,0,3,3,1,,
18681785,The Sandwich Shop,13.0511776837,80.2134045213,Vadapalani/ Chennai,Sandwich/ Fast Food/ Beverages,300,1,3.2,32,13,5,Quick Bites,
19191151,King Of King Biryani Center,13.0512518254,80.2134048566,Vadapalani/ Chennai,Biryani/ Chinese,300,1,3.1,4,2,0,Quick Bites,
18799127,Hotel Aaradhana,13.0512701159,80.2135718241,Vadapalani/ Chennai,South Indian,200,1,0,2,2,0,Quick Bites,
68750,Diet In,13.0488658882,80.2108634636,Vadapalani/ Chennai,South Indian,200,1,3.6,22,12,29,Quick Bites,
19023077,Idliman,13.0484814579,80.2108755335,Vadapalani/ Chennai,South Indian,200,1,0,3,1,0,Quick Bites,
19327557,Sajura Cafe,13.0498068746,80.2146742120,Vadapalani/ Chennai,Beverages/ Juices/ Street Food/ Sandwich,100,1,0,0,0,3,Beverage Shop,
18796772,Thambu's Kitchen,13.0498993072,80.2147161216,Vadapalani/ Chennai,South Indian,200,1,0,0,0,0,Quick Bites,
18674438,Hotel Vivasayi,13.0496628363,80.2147389203,Vadapalani/ Chennai,South Indian/ Chinese,250,1,3.3,17,3,1,Quick Bites,
72885,SKB,13.0494511880,80.2103535086,Vadapalani/ Chennai,South Indian,500,2,3.4,15,8,18,Quick Bites,
19001381,Hotel Guru,13.0491180376,80.2147570252,Vadapalani/ Chennai,North Indian/ South Indian,150,1,0,2,1,0,Quick Bites,
71042,Taste Of Malabar,13.0482636028,80.2107129246,Vadapalani/ Chennai,Kerala/ Biryani,650,2,3.6,113,73,71,Casual Dining,
65417,Hotel Pandia's,13.0497601683,80.2101017162,Vadapalani/ Chennai,North Indian/ Chinese/ Biryani/ South Indian/ Seafood,750,2,3.8,431,244,131,Casual Dining,
66545,Hotel Bhimaas,13.0521999882,80.2126521617,Hotel Bhimaas/ Vadapalani/ Chennai,North Indian/ Chinese/ Andhra,550,2,2.5,72,42,20,Casual Dining,
18641505,The Brown Bean,13.0507475307,80.2150004357,Vadapalani/ Chennai,Fast Food/ Beverages,500,2,3.9,74,48,65,Quick Bites,
18898202,18+ Restaurant and Bar,13.0523841985,80.2121908218,Vadapalani/ Chennai,North Indian/ Chinese/ Andhra,700,2,3.5,39,25,29,Casual Dining,
19205129,Tandoori Chai,13.0525181102,80.2121267840,Vadapalani/ Chennai,Tea,100,1,3.2,5,3,0,Beverage Shop,
68682,Domino's Pizza,13.0502497673,80.2096916735,Forum Vijaya Mall/ Vadapalani/ Chennai,Pizza/ Fast Food,400,1,3.7,291,154,84,Quick Bites,
67160,Barbeque Nation,13.0525563240,80.2124349028,Hotel Bhimaas/ Vadapalani/ Chennai,North Indian/ Continental/ Kebab/ BBQ,1600,3,4.2,1619,716,821,Casual Dining,
72433,Leo Coffee,13.0506959253,80.2153343707,Kodambakkam/ Chennai,Coffee/ Tea/ Beverages,250,1,0,1,1,5,Beverage Shop,
18798487,Juice It Up,13.0474352947,80.2143704519,Kodambakkam/ Chennai,Beverages/ Sandwich/ Fast Food,250,1,3.3,78,25,5,Beverage Shop,
18568746,McDonald's,13.0503484055,80.2096118778,Vadapalani/ Chennai,Burger/ Fast Food,500,2,3.8,164,42,47,Quick Bites,
73102,McCafe by McDonald's,13.0502164524,80.2095766738,Forum Vijaya Mall/ Vadapalani/ Chennai,Coffee/ Cafe/ Beverages/ Desserts/ Tea,500,2,3.7,40,14,27,,
72421,Leo Coffee,13.0509039797,80.2153434232,Vadapalani/ Chennai,Coffee/ Tea/ Beverages,250,1,0,2,1,12,Beverage Shop,
18892305,Dosa & Co,13.0510872112,80.2098512650,Forum Vijaya Mall/ Vadapalani/ Chennai,South Indian,350,1,3.0,7,0,2,Food Court,
18429814,La Piazza,13.0507527565,80.2096581459,Forum Vijaya Mall/ Vadapalani/ Chennai,Chinese/ North Indian/ South Indian/ Continental,600,2,4.0,135,80,159,Casual Dining,
68701,ID,13.0501782382,80.2094670385,Forum Vijaya Mall/ Vadapalani/ Chennai,South Indian,300,1,4.1,438,132,134,Quick Bites,
19342291,Madurai Famous Jigarthanda,13.0527029037,80.2119369507,Vadapalani/ Chennai,Beverages/ Ice Cream,100,1,0,2,1,1,Beverage Shop,
19144191,Sandwich Express Shop,13.0521774518,80.2106854320,Vadapalani/ Chennai,Fast Food,200,1,0,3,0,0,Quick Bites,
68622,Kalmane Koffees,13.0508445357,80.2096309885,Forum Vijaya Mall/ Vadapalani/ Chennai,Cafe/ Fast Food,500,2,2.7,39,22,34,Café,
68671,Cafe Coffee Day,13.0508265718,80.2095464990,Forum Vijaya Mall/ Vadapalani/ Chennai,Cafe/ Fast Food/ Desserts/ Beverages/ Sandwich,600,2,2.4,64,38,103,Café,
18618257,Teasers,13.0509725691,80.2095763385,Forum Vijaya Mall/ Vadapalani/ Chennai,Bubble Tea/ Desserts,300,1,3.6,53,33,32,Beverage Shop,
18881885,House of Candy,13.0509523189,80.2095615864,Forum Vijaya Mall/ Vadapalani/ Chennai,Desserts,800,2,0,1,1,0,Dessert Parlour,
68687,Cookie Man,13.0508500881,80.2095176652,Forum Vijaya Mall/ Vadapalani/ Chennai,Bakery/ Desserts,140,1,3.2,43,27,19,Bakery,
18573141,Frosticks,13.0510199284,80.2095867321,Forum Vijaya Mall/ Vadapalani/ Chennai,Ice Cream,250,1,3.9,48,31,52,Dessert Parlour,
68669,Cream Centre,13.0509800812,80.2095656097,Forum Vijaya Mall/ Vadapalani/ Chennai,North Indian/ Italian/ Fast Food/ Chinese/ Beverages,1600,3,4.0,570,302,501,Casual Dining,
18718087,Keventers - The Original Milkshake,13.0510062105,80.2095488459,Forum Vijaya Mall/ Vadapalani/ Chennai,Beverages/ Desserts,400,1,3.7,64,23,21,Beverage Shop,
71417,Krispy Kreme,13.0509118185,80.2095019072,Forum Vijaya Mall/ Vadapalani/ Chennai,Desserts/ Beverages,400,1,4.1,186,105,196,Dessert Parlour,
73106,Tibb's Frankie,13.0512384342,80.2096544579,Forum Vijaya Mall/ Vadapalani/ Chennai,Rolls,200,1,3.6,53,20,13,Food Court,
18244327,Burger King,13.0512136114,80.2096222714,Forum Vijaya Mall/ Vadapalani/ Chennai,Burger/ Fast Food/ Beverages,500,2,4.0,634,339,322,Food Court,
68525,Squeez Juice Bars,13.0509435003,80.2094854787,Forum Vijaya Mall/ Vadapalani/ Chennai,Ice Cream/ Desserts/ Juices,300,1,3.7,52,37,48,Dessert Parlour,
18737586,Galito's,13.0510006580,80.2095002308,Forum Vijaya Mall/ Vadapalani/ Chennai,Fast Food/ Portuguese,1000,3,4.2,298,173,599,Casual Dining,
73100,WOW! Momo,13.0511652723,80.2095505223,Forum Vijaya Mall/ Vadapalani/ Chennai,Tibetan/ Momos,400,1,4.1,218,109,174,Food Court,
68527,Pandikadai,13.0513890039,80.2094754204,Forum Vijaya Mall/ Vadapalani/ Chennai,South Indian,500,2,3.1,54,30,26,Food Court,
18653876,Hotel Aboorvam,13.0467970775,80.2145156264,Vadapalani/ Chennai,South Indian/ Street Food/ Chinese,300,1,3.5,64,43,29,Quick Bites,
18624971,Madurai Mani Unavagam,13.0493068229,80.2088598534,Vadapalani/ Chennai,South Indian,150,1,0,1,1,1,Quick Bites,
69768,Disney Land,13.0533542400,80.2115584910,Vadapalani/ Chennai,Biryani/ Chinese,300,1,3.1,20,7,7,Quick Bites,
19227535,Aanas Tea Stall,13.0533548932,80.2115169168,Vadapalani/ Chennai,Beverages/ Juices,100,1,0,0,0,2,Beverage Shop,
19251189,Cube Cafe,13.0533855948,80.2116017416,Vadapalani/ Chennai,Fast Food/ Lebanese/ Chinese/ Desserts/ Beverages,500,2,3.7,26,9,13,Quick Bites,
19227534,Bharath Juice Centre,13.0534420988,80.2115440741,Vadapalani/ Chennai,Beverages,100,1,0,0,0,2,Beverage Shop,
68198,A.M.S Hyderabad Biriyani & Fast Food,13.0492819999,80.2086191252,Vadapalani/ Chennai,North Indian/ Chinese/ Chettinad/ Biryani,500,2,2.6,43,25,13,Quick Bites,
65802,Maybelle,13.0492156965,80.2086114138,Hotel Maurya International/ Vadapalani/ Chennai,North Indian/ Chinese/ Continental,700,2,3.2,10,7,37,Casual Dining,
19251544,Mad Lassi,13.0523528436,80.2095659450,Vadapalani/ Chennai,Beverages/ Juices/ Ice Cream,250,1,0,0,0,0,Beverage Shop,
19236119,Sandwich Square,13.0523005853,80.2095102891,Vadapalani/ Chennai,Fast Food/ Sandwich/ Beverages,250,1,3.1,4,3,20,Quick Bites,
19147559,Madrassi Sandwich,13.0523342266,80.2095186710,Vadapalani/ Chennai,Sandwich/ Fast Food,300,1,0,0,0,0,Quick Bites,
19158471,Chai Kings,13.0456454081,80.2121650055,Vadapalani/ Chennai,Tea/ Fast Food/ Beverages,200,1,3.7,18,4,64,Café,
65459,Ponnusamy Hotels,13.0485268579,80.2082466334,Vadapalani/ Chennai,North Indian/ Chettinad/ Chinese/ South Indian,900,2,2.6,121,68,240,Casual Dining,
18970068,Classic Millet Kitchen,13.0506690000,80.2169570000,Kodambakkam/ Chennai,South Indian,250,1,3.7,25,8,15,Quick Bites,
19125499,Heerthana Cafe,13.0485768306,80.2081825957,Vadapalani/ Chennai,Cafe/ Fast Food/ Beverages,250,1,0,2,2,0,Café,
18825088,Pattukottai Mess - Shri Kamatchi Thunai,13.0456287503,80.2144619823,Ashok Nagar/ Chennai,Chettinad,500,2,3.9,49,15,8,Casual Dining,
19041190,Mo Thickshake And Snackers,13.0477331724,80.2084172890,Vadapalani/ Chennai,Beverages,300,1,3.8,26,6,2,Beverage Shop,
18988726,Hotel Amirtham,13.0452100194,80.2125200629,Ashok Nagar/ Chennai,South Indian/ North Indian/ Chinese/ Italian,400,1,3.2,17,11,11,Quick Bites,
19037190,Dhivi's Kitchen,13.0456071932,80.2145940810,Ashok Nagar/ Chennai,South Indian,300,1,3.5,18,15,10,Quick Bites,
18949573,The Kati Roll Shop,13.0542262942,80.2114220336,Vadapalani/ Chennai,Rolls/ North Indian,300,1,3.2,10,2,25,,
18928841,Milky Way Express,13.0450587928,80.2125006169,Ashok Nagar/ Chennai,Ice Cream/ Desserts/ Fast Food/ Beverages,350,1,0,3,0,25,Quick Bites,
18822801,Caffino Refreshing Point,13.0543448542,80.2117321640,Vadapalani/ Chennai,Beverages/ Fast Food,150,1,0,1,0,0,Beverage Shop,
18576274,Happy Fast Food,13.0543330000,80.2137600000,Saidapet/ Chennai,Chettinad/ Chinese,250,1,3.0,4,0,0,Quick Bites,
18382450,Kuuraku,13.0513968426,80.2079603076,Vadapalani/ Chennai,Japanese,1200,3,4.6,357,277,266,Casual Dining,
65859,Once Upon A Time - Green Park Hotel,13.0513713666,80.2079244331,Green Park Hotel/ Vadapalani/ Chennai,North Indian/ Mughlai/ South Indian,1400,3,4.3,713,505,258,Fine Dining,
68139,Namma Veedu Vasanta Bhavan,13.0493195610,80.2076176554,Vadapalani/ Chennai,Chinese/ South Indian/ North Indian,600,2,2.5,161,89,109,Casual Dining,
65861,Roast And Grills - Green Park Hotel,13.0514076209,80.2079137042,Green Park Hotel/ Vadapalani/ Chennai,Chinese/ North Indian/ BBQ/ Kebab,2000,4,4.3,877,664,145,Casual Dining,
65862,Mustang Bar - Green Park Hotel,13.0514099072,80.2079130337,Green Park Hotel/ Vadapalani/ Chennai,Finger Food,1300,3,4.2,363,182,44,Pub,
18627724,The Table,13.0491451469,80.2076220140,Vadapalani/ Chennai,Bakery/ Desserts,300,1,3.7,43,17,22,Bakery,
65860,Tulips - Green Park Hotel,13.0514246049,80.2078878880,Green Park Hotel/ Vadapalani/ Chennai,North Indian/ South Indian/ Chinese/ Continental,2000,4,3.9,304,179,98,Casual Dining,
18165446,Madurai Kumar Mess,13.0447997801,80.2125512436,Vadapalani/ Chennai,Chettinad/ South Indian/ Chinese,600,2,4.1,816,327,399,Mess,
19008587,Little India,13.0519230000,80.2076080000,Vadapalani/ Chennai,North Indian/ South Indian/ Chinese,400,1,3.9,52,34,26,Quick Bites,
19068498,J's Food Souk,13.0519230192,80.2075770870,Vadapalani/ Chennai,South Indian/ Beverages,200,1,3.2,31,25,0,Quick Bites,
18570148,Arabian Food Court,13.0545829537,80.2102686837,Vadapalani/ Chennai,Chinese/ Rolls,300,1,3.2,11,4,0,Quick Bites,
18689149,The Red Box,13.0443216022,80.2129126713,Ashok Nagar/ Chennai,Chinese,400,1,3.9,348,228,41,,
67981,Doha Snacks,13.0342280434,80.2304808050,T. Nagar/ Chennai,Fast Food/ Beverages,200,1,2.9,4,1,5,Quick Bites,
67961,Brijwasi Sweets,13.0340751768,80.2304844931,T. Nagar/ Chennai,Mithai/ Street Food/ North Indian/ Chinese/ Beverages,300,1,3.7,41,17,2,Quick Bites,
18813035,Enliven Coffee Xpress,13.0337472320,80.2301518992,T. Nagar/ Chennai,Fast Food/ Beverages,200,1,3.3,15,1,8,Beverage Shop,
67876,Nandhiniee Sweets,13.0338102732,80.2303517237,T. Nagar/ Chennai,Mithai/ Fast Food/ North Indian,400,1,3.7,49,29,41,Sweet Shop,
19100562,Dwaraka,13.0338357510,80.2303852513,T. Nagar/ Chennai,South Indian/ Street Food/ Desserts,300,1,0,1,0,4,Casual Dining,
67970,Geetham Tiffen Centre,13.0343498793,80.2305099741,T. Nagar/ Chennai,South Indian,100,1,0,3,0,4,Quick Bites,
68004,Ragam Cool Bar,13.0345102584,80.2304278314,T. Nagar/ Chennai,Juices,150,1,3.2,6,3,4,Beverage Shop,
18670205,Arabian Biryani Centre,13.0337622573,80.2305153385,T. Nagar/ Chennai,Biryani/ Chinese,300,1,3.4,56,27,4,Quick Bites,
70775,Karaikudi Chettinadu Mess,13.0337622573,80.2305153385,T. Nagar/ Chennai,Chettinad/ Chinese/ South Indian,550,2,3.1,54,33,10,Quick Bites,
18403522,New Hyderabad Briyani,13.0337622573,80.2305153385,T. Nagar/ Chennai,Biryani/ Chinese/ South Indian/ Chettinad/ Andhra,600,2,3.2,80,38,19,Quick Bites,
67969,City Light Cool Land,13.0346807632,80.2303859219,T. Nagar/ Chennai,Juices/ Beverages,200,1,0,3,2,4,Beverage Shop,
67982,Madeena Cool Bar,13.0346654112,80.2304321900,T. Nagar/ Chennai,Juices/ Beverages/ Ice Cream,150,1,3.4,12,7,6,Beverage Shop,
19321907,Cake Delights,13.0336974670,80.2305285683,T. Nagar/ Chennai,Bakery/ Desserts/ Fast Food,350,1,3.0,23,7,2,Bakery,
67966,Gomathi Shankhar Bhavan,13.0335483090,80.2303299308,T. Nagar/ Chennai,Mithai/ Street Food,100,1,3.3,9,4,2,Casual Dining,
67928,New Hyderabad Briyani & Fast Food,13.0348297097,80.2301344648,T. Nagar/ Chennai,North Indian,400,1,2.9,4,4,5,Quick Bites,
19319682,S.S Biryani Catering Services,13.0348720000,80.2300400000,Nandanam/ Chennai,Biryani/ Chinese,300,1,3.6,32,11,3,Quick Bites,
18670224,Sri Srinivasa Sweets & Bakery,13.0335969782,80.2305646241,T. Nagar/ Chennai,Bakery,150,1,3.3,8,5,9,Bakery,
67968,A.M.S Hyderabad Biriyani & Fast Food,13.0348940572,80.2298746258,T. Nagar/ Chennai,North Indian/ Chinese/ Chettinad/ Biryani,500,2,2.9,37,20,5,Quick Bites,
19189275,Coffee House @ Mount Road,13.0341842740,80.2308834717,T. Nagar/ Chennai,Fast Food/ Beverages/ Pizza/ Desserts,300,1,3.7,48,19,8,Quick Bites,
73014,Skyline,13.0340268344,80.2308824658,T. Nagar/ Chennai,Finger Food/ North Indian/ Chinese,1500,3,3.9,286,126,120,Bar,
70358,Tranz Bar,13.0340238947,80.2309304103,T. Nagar/ Chennai,Finger Food/ North Indian/ Chinese,1500,3,3.7,105,45,42,Bar,
67980,Indian Coffee House,13.0349704903,80.2303651348,T. Nagar/ Chennai,South Indian/ Beverages,250,1,3.4,45,31,27,Quick Bites,
18540395,Visitors Restaurant,13.0348849114,80.2307064459,T. Nagar/ Chennai,Biryani/ Continental,800,2,3.8,114,53,5,Casual Dining,
67610,Murugan Idli Shop,13.0351517737,80.2300218120,T. Nagar/ Chennai,South Indian,200,1,4.0,137,50,40,Quick Bites,
19301032,Dindugal Biriyani,13.0351320000,80.2297290000,T. Nagar/ Chennai,Biryani/ Chinese/ South Indian/ North Indian,500,2,0,0,0,0,Quick Bites,
19303941,Delhi's Veggi Tadka,13.0350540000,80.2294440000,T. Nagar/ Chennai,North Indian/ Mughlai/ Momos/ Chinese,500,2,3.5,12,11,6,,
67927,Hotel Sudhara,13.0351592864,80.2305435017,Hotel Sudhara/ T. Nagar/ Chennai,North Indian/ South Indian/ Chinese,300,1,3.1,33,20,6,Quick Bites,
70517,Eagle Bar,13.0352082819,80.2305542305,Hotel Sudhara/ T. Nagar/ Chennai,Finger Food,1600,3,3.3,19,8,6,Bar,
18933851,Lassi Shop,13.0351481807,80.2293958515,T. Nagar/ Chennai,Beverages/ Ice Cream/ Juices/ Fast Food,200,1,3.9,43,7,10,Beverage Shop,
70042,Hotel Varsha Pure Veg Fast Foods,13.0349466458,80.2291507646,T. Nagar/ Chennai,South Indian/ Chinese/ North Indian,500,2,3.3,38,22,2,Quick Bites,
19314549,Hotel Bismi,13.0336650000,80.2289550000,Tambaram/ Chennai,Biryani,200,1,0,0,0,0,Quick Bites,
18924088,Sans Kolkata Briyani,13.0352713227,80.2295819297,T. Nagar/ Chennai,Biryani/ Chinese,250,1,2.9,8,3,0,Quick Bites,
72008,Karaikudi Chettinadu Mess,13.0349499122,80.2290964499,T. Nagar/ Chennai,Chettinad/ Chinese/ South Indian,550,2,3.5,117,47,17,Mess,
18616536,Sans Sandwich,13.0353108457,80.2295913175,T. Nagar/ Chennai,Sandwich/ Fast Food/ Beverages,250,1,3.5,35,17,23,Quick Bites,
19014221,Tea House,13.0335375299,80.2288946137,T. Nagar/ Chennai,Fast Food/ Beverages/ Tea,250,1,3.7,23,15,23,Beverage Shop,
70802,Vijayarams Coffee,13.0329659113,80.2305984870,T. Nagar/ Chennai,Cafe/ Bakery/ Juices/ North Indian/ Street Food,100,1,3.5,22,6,15,Café,
68462,Karaikkudi Ganapathi Mess,13.0351318489,80.2290525287,T. Nagar/ Chennai,Andhra,250,1,0,2,0,3,Mess,
18666226,Beef Wala,13.0351066978,80.2290106192,T. Nagar/ Chennai,Biryani/ Chinese,300,1,3.5,193,125,1,Quick Bites,
68022,Sharjah Juice & Snacks,13.0328150038,80.2305921167,T. Nagar/ Chennai,Beverages/ Sandwich,150,1,0,1,0,3,Beverage Shop,
19222759,Border Parota,13.0352504180,80.2289945260,T. Nagar/ Chennai,South Indian,300,1,3.3,13,5,0,Quick Bites,
67954,Gitanjali Veg Restaurant,13.0356903970,80.2305468544,T. Nagar/ Chennai,South Indian/ Chinese/ Beverages,200,1,2.7,11,2,5,Quick Bites,
67874,Madurai Arulanandam Hotel,13.0357567041,80.2305716649,T. Nagar/ Chennai,Chinese/ Biryani/ South Indian,450,1,3.6,38,23,7,Quick Bites,
68014,Gomathi Shankhar Bhavan,13.0359366804,80.2297733724,T. Nagar/ Chennai,Mithai/ Street Food,100,1,3.5,18,10,3,Sweet Shop,
65025,Anjappar,13.0357230606,80.2311882377,T. Nagar/ Chennai,Chettinad/ North Indian/ Chinese/ Seafood,700,2,2.5,52,23,13,Casual Dining,
71905,Sri Kanaka Durga Andhra Meals Hotel,13.0361094706,80.2304291725,T. Nagar/ Chennai,Andhra,250,1,3.3,14,4,2,Quick Bites,
65912,A2B - Adyar Ananda Bhavan,13.0360918323,80.2306025103,T. Nagar/ Chennai,Mithai/ Street Food/ Fast Food/ Ice Cream,300,1,3.7,45,25,66,Sweet Shop,
18633870,Rajasthani Homemade North Indian Jain Food Delivery Services,13.0357776088,80.2312978730,T. Nagar/ Chennai,Rajasthani/ North Indian,300,1,3.4,23,2,0,,
65516,Hotel Saravana Bhavan,13.0362852004,80.2307597548,T. Nagar/ Chennai,North Indian/ South Indian/ Desserts/ Beverages/ Mithai,550,2,3.7,370,217,87,Casual Dining,
69697,Vivekananda Coffee,13.0363286429,80.2307034284,T. Nagar/ Chennai,Coffee,100,1,3.4,9,5,9,Beverage Shop,
67839,Shri Ganesh Bhavan,13.0362920598,80.2308358625,T. Nagar/ Chennai,Chinese/ South Indian,400,1,3.1,22,16,12,Quick Bites,
19287827,90's Kids Restaurant,13.0352310000,80.2278790000,T. Nagar/ Chennai,North Indian/ South Indian/ Chinese,400,1,3.2,5,4,1,Quick Bites,
18602577,Madras Cafeteria,13.0364347993,80.2308985591,T. Nagar/ Chennai,Cafe,200,1,3.3,13,3,6,Café,
73000,FryYo,13.0317527690,80.2304814756,T. Nagar/ Chennai,Fast Food/ Beverages,300,1,3.5,79,22,21,Quick Bites,
18649514,Hotelkaar Biriyani,13.0363985428,80.2289542928,T. Nagar/ Chennai,South Indian/ Biryani,350,1,3.8,1078,637,8,Quick Bites,
67866,Hotel Renuka Chettinad,13.0363433415,80.2313032374,T. Nagar/ Chennai,Chettinad/ North Indian/ Chinese/ South Indian,450,1,3.2,11,4,4,Quick Bites,
19311975,Hunger's House,13.0316050000,80.2304820000,T. Nagar/ Chennai,South Indian/ Biryani,400,1,0,0,0,0,Quick Bites,
18643770,Cream En Creamy,13.0315202004,80.2305190265,T. Nagar/ Chennai,Ice Cream/ Fast Food/ Beverages,400,1,3.3,84,53,42,Dessert Parlour,
67917,Anbazagan Fruit Juice & Ice Cream Parlour,13.0367878915,80.2306015044,T. Nagar/ Chennai,Juices/ Ice Cream/ Desserts,200,1,3.0,5,2,2,Dessert Parlour,
19252191,Gowtham Fast Food,13.0365040000,80.2283880000,T. Nagar/ Chennai,Chinese/ Biryani/ Fast Food,500,2,0,1,1,0,Quick Bites,
18457587,Madurai Famous Jigarthanda,13.0367130922,80.2315543592,T. Nagar/ Chennai,Beverages/ Ice Cream,100,1,3.8,105,49,33,Beverage Shop,
19268319,Arcot Briyani And Fast Food,13.0368980000,80.2288600000,T. Nagar/ Chennai,North Indian/ South Indian,200,1,2.9,4,3,0,Quick Bites,
19341931,Ambur Biriyani,13.0370400000,80.2309620000,T. Nagar/ Chennai,Biryani/ Chinese/ North Indian,450,1,0,0,0,0,Quick Bites,
19019819,City Food Court,13.0371239982,80.2309495211,T. Nagar/ Chennai,Fast Food,300,1,3.2,7,3,2,Quick Bites,
18541458,Karaikudi Chettinad Mess,13.0325530386,80.2330195159,T. Nagar/ Chennai,Chettinad/ Chinese/ Biryani,300,1,2.9,6,1,3,Mess,
18777914,Middle Class,13.0315838955,80.2278569341,T. Nagar/ Chennai,Fast Food/ South Indian,200,1,3.2,123,41,17,Quick Bites,
19068325,Deepa Mess & Fast Food,13.0322365241,80.2328870818,T. Nagar/ Chennai,South Indian/ Chinese,200,1,0,1,0,1,Quick Bites,
67997,M.K. Tiffin Center,13.0372007572,80.2316891402,T. Nagar/ Chennai,South Indian,200,1,0,0,0,2,Quick Bites,
66991,Guinness'd Bar,13.0375267377,80.2312100306,BKR Grand Hotel/ T. Nagar/ Chennai,Finger Food,1200,3,3.2,10,4,5,Bar,
69799,KMR,13.0375613608,80.2311309054,BKR Grand Hotel/ T. Nagar/ Chennai,Chettinad/ North Indian/ Chinese,600,2,2.9,6,3,5,Casual Dining,
66992,BKR Grand Hotel,13.0376139488,80.2311577275,BKR Grand Hotel/ T. Nagar/ Chennai,South Indian/ North Indian/ Chinese,500,2,2.4,71,49,15,Casual Dining,
19295617,New Nethra Hotel,13.0308994021,80.2284336031,T. Nagar/ Chennai,Chettinad/ South Indian,200,1,0,1,0,0,Quick Bites,
18625104,Rangoon - Atho Shop,13.0309668691,80.2318654954,T. Nagar/ Chennai,Burmese,200,1,3.5,43,22,8,Quick Bites,
18621959,Venice Temptations,13.0310060661,80.2319845185,T. Nagar/ Chennai,Bakery/ Fast Food/ Beverages,300,1,3.3,14,4,40,Bakery,
72055,Ambur Biriyani,13.0377299037,80.2285422385,T. Nagar/ Chennai,Biryani/ Chinese,300,1,3.1,21,3,5,Quick Bites,
18755034,Coffee Kadai,13.0354581587,80.2261829004,West Mambalam/ Chennai,Beverages/ Fast Food,200,1,3.3,14,4,30,Beverage Shop,
19157890,Apsal Chettinadu Hotel,13.0302783063,80.2290471643,T. Nagar/ Chennai,South Indian/ Chettinad/ Chinese,200,1,0,0,0,0,Quick Bites,
73065,CK's Bakery,13.0303576806,80.2286119759,T. Nagar/ Chennai,Bakery/ Desserts/ Fast Food/ Sandwich,350,1,3.5,28,12,40,Bakery,
19257419,Dosart,13.0379700000,80.2286100000,T. Nagar/ Chennai,Chinese/ North Indian/ Fast Food,300,1,3.1,4,3,7,Quick Bites,
18965912,Nanpan Hotel,13.0301986054,80.2312197536,Nandanam/ Chennai,Chinese/ South Indian,250,1,0,0,0,0,Quick Bites,
19139455,SS Royal Biryani,13.0304230092,80.2281214669,T. Nagar/ Chennai,Biryani/ Chinese/ Kebab,400,1,3.6,18,10,0,Quick Bites,
19200930,Arcot Royal Biryani And Fast Food,13.0302897389,80.2320294455,Nandanam/ Chennai,Biryani/ Chinese,300,1,0,3,3,2,Quick Bites,
72054,Bismillah Thalapakattu Briyani & Fast Food,13.0384321642,80.2287487686,T. Nagar/ Chennai,Biryani/ Chinese,200,1,0,0,0,2,Quick Bites,
67984,Archana Sweets,13.0384912847,80.2313800156,T. Nagar/ Chennai,Mithai/ North Indian/ South Indian/ Chinese/ Street Food/ Beverages,450,1,2.7,40,23,16,Sweet Shop,
19263939,Al Safa Multi Cuisine Restaurant,13.0368600000,80.2339550000,T. Nagar/ Chennai,North Indian/ Chinese/ Mughlai,1000,3,3.3,8,6,3,Casual Dining,
19069160,AL-Rayan Malaysian Parotta,13.0294257663,80.2303822339,T. Nagar/ Chennai,Biryani/ Chinese/ South Indian,250,1,0,1,1,2,Quick Bites,
19018044,The Food Factory,13.0343557588,80.2349828929,T. Nagar/ Chennai,Fast Food/ Beverages,450,1,0,2,0,0,,
18488757,CK's Bakery,13.0315247734,80.2342114225,T. Nagar/ Chennai,Bakery/ Desserts/ Fast Food/ Sandwich,350,1,3.3,16,6,31,Bakery,
18887017,The Mayflower,13.0344615894,80.2351776883,T. Nagar/ Chennai,Asian/ Italian/ Mediterranean/ Beverages,1000,3,4.5,435,293,726,Casual Dining,
19260238,OYALO,13.0315180000,80.2345020000,T. Nagar/ Chennai,Pizza/ Italian/ Desserts,450,1,0,2,0,1,Quick Bites,
19260268,OYALO,13.0315180000,80.2345020000,T. Nagar/ Chennai,Pizza/ Italian/ Desserts,450,1,3.0,4,1,1,Kiosk,
71912,Shallots,13.0392379649,80.2292530239,T. Nagar/ Chennai,North Indian/ Biryani/ Chinese/ Chettinad,500,2,3.3,38,19,5,Casual Dining,
72050,Candose,13.0392905526,80.2290213481,T. Nagar/ Chennai,Fast Food/ Beverages/ Ice Cream,250,1,3.3,15,4,16,Dessert Parlour,
72559,Dezire GoodLife Sugarless Sweets & Cakes,13.0343391003,80.2354284748,T. Nagar/ Chennai,Mithai,200,1,3.4,18,6,10,Sweet Shop,
18855635,Cafe Gangsta,13.0324527600,80.2351642773,T. Nagar/ Chennai,Sandwich/ Mexican,300,1,2.9,5,3,0,,
67962,Brijwasi Sweets,13.0393418337,80.2289673686,T. Nagar/ Chennai,Mithai/ Street Food/ North Indian/ Chinese/ Beverages,300,1,3.4,19,14,5,Sweet Shop,
19252124,Saravana Veettu Idly,13.0297070486,80.2270742304,T. Nagar/ Chennai,Tamil,250,1,0,1,1,0,,
18778696,Gowtham Fast Food,13.0393859289,80.2289009839,T. Nagar/ Chennai,Chinese/ Biryani/ Fast Food,500,2,0,2,1,1,Quick Bites,
68965,Kovai Pazhamudir Nilayam,13.0315074614,80.2348336950,Nandanam/ Chennai,Juices/ Beverages,200,1,3.1,4,1,3,Beverage Shop,
19225635,Ayyar Bhavan Sweets And Fast Food,13.0316355048,80.2349399775,T. Nagar/ Chennai,South Indian/ Chinese/ North Indian,450,1,0,1,0,0,,
70626,Hotel Atchaya Bhavan,13.0393114570,80.2316911519,T. Nagar/ Chennai,South Indian/ Chinese/ North Indian,300,1,3.5,38,24,8,Quick Bites,
18763634,Roasters Coffee,13.0347392312,80.1555506140,Porur/ Chennai,Beverages,100,1,0,0,0,1,Beverage Shop,
18647080,Sri Sai Sandwich Shop,13.0347699351,80.1555321738,Porur/ Chennai,Sandwich/ Fast Food/ Beverages,350,1,3.3,44,23,6,Quick Bites,
18942450,Lassi Shop,13.0346399335,80.1555502787,Porur/ Chennai,Beverages/ Ice Cream/ Juices/ Fast Food,200,1,3.9,64,13,13,Beverage Shop,
67601,Sri Kumar Sweets,13.0348385289,80.1562459767,Porur/ Chennai,South Indian/ Chinese,200,1,3.0,4,2,2,Sweet Shop,
69340,Nandhiniee Sweets,13.0347588295,80.1554061100,Porur/ Chennai,Mithai/ Fast Food/ North Indian,400,1,3.6,70,35,27,Sweet Shop,
18559440,Loiee Sweets & Snacks,13.0344341519,80.1562429592,Porur/ Chennai,Mithai/ Street Food/ North Indian/ South Indian,550,2,3.7,44,19,24,Quick Bites,
19015647,Musthar Biryani,13.0343293012,80.1563837752,Porur/ Chennai,Biryani,200,1,3.2,10,4,0,Quick Bites,
67578,Madurai Kannappar Chettinadu Restaurant,13.0352915742,80.1553742588,Porur/ Chennai,Chinese/ Chettinad/ North Indian,500,2,2.5,176,121,33,Quick Bites,
18773941,Annamalai Vilas,13.0347375980,80.1551378891,Porur/ Chennai,South Indian,250,1,0,0,0,2,Quick Bites,
18813586,Madurai Jigarthanda,13.0342662601,80.1563680172,Porur/ Chennai,Ice Cream/ Desserts,200,1,3.3,16,1,2,Dessert Parlour,
18720564,Porur Kitchen,13.0352791620,80.1552800462,Porur/ Chennai,South Indian,400,1,0,3,0,0,,
19329900,Coastal Kitchen,13.0343400000,80.1566270000,Porur/ Chennai,Seafood/ Chinese/ North Indian,450,1,0,1,0,1,,
18677455,Saranya Cool Bar,13.0339425617,80.1555898413,Porur/ Chennai,Beverages,100,1,0,1,1,1,Beverage Shop,
19019959,O'Biryani,13.0345900000,80.1549800000,Porur/ Chennai,Biryani/ Hyderabadi/ North Indian/ Mughlai,250,1,3.2,6,3,10,,
19019949,Parantha Pundit,13.0345900000,80.1549800000,Porur/ Chennai,North Indian/ Beverages,200,1,0,1,0,7,,
19154970,Green Way Herbal Soups,13.0356310000,80.1561500000,Porur/ Chennai,South Indian,250,1,2.9,7,4,0,,
18961237,S.A Food Center,13.0346801099,80.1548881084,Porur/ Chennai,Fast Food,150,1,0,0,0,0,,
18935157,Manju Food Service,13.0350913459,80.1548498869,Porur/ Chennai,South Indian/ North Indian/ Chinese,300,1,0,1,0,0,Quick Bites,
18582615,Lassi Factory,13.0344465641,80.1568669081,Porur/ Chennai,Beverages/ Ice Cream,150,1,3.4,53,38,2,Beverage Shop,
18813826,Noors Multi Cuisine Restaurant,13.0346529990,80.1548016071,Porur/ Chennai,South Indian/ North Indian/ Arabian,500,2,3.1,6,3,4,Casual Dining,
19230057,The Biryani Life,13.0358100000,80.1561030000,Porur/ Chennai,Biryani/ North Indian,350,1,3.3,11,7,24,,
18730018,Mom's Recepies,13.0348163176,80.1547506452,Porur/ Chennai,South Indian,250,1,0,0,0,0,Quick Bites,
18548696,Little Chef,13.0344510000,80.1569470000,Porur/ Chennai,Fast Food,250,1,3.5,57,38,6,Quick Bites,
18865572,Lassibae,13.0336380000,80.1559783000,Porur/ Chennai,Beverages/ Fast Food,250,1,3.3,22,5,28,Beverage Shop,
19014136,The Lassi And Falooda,13.0336380000,80.1559783000,Porur/ Chennai,Beverages/ Desserts,100,1,3.2,10,1,1,,
19348559,EVA Foods,13.0357450000,80.1565920000,Porur/ Chennai,South Indian,300,1,0,0,0,0,,
18884678,The Good Bowl,13.0359977613,80.1560203359,Porur/ Chennai,North Indian/ Biryani/ Italian,500,2,3.9,87,53,49,,
18403513,Faasos,13.0360062538,80.1560233533,Porur/ Chennai,Fast Food/ North Indian/ Biryani/ Rolls,450,1,4.1,514,365,114,,
18551823,Sweet Truth,13.0360170328,80.1560089365,Porur/ Chennai,Bakery,300,1,3.9,85,59,64,,
18551910,Masala Cafe,13.0335460225,80.1556525379,Porur/ Chennai,Fast Food,350,1,0,2,0,0,Quick Bites,
18470413,Ovenstory Pizza,13.0360007010,80.1561601460,Porur/ Chennai,Italian/ Pizza,400,1,3.8,154,110,80,,
18361796,Behrouz Biryani - Royal & Safe,13.0360490431,80.1560223475,Porur/ Chennai,Biryani/ North Indian/ Mughlai,700,2,3.9,300,178,106,,
69932,Cake Spot,13.0340212816,80.1569242403,Porur/ Chennai,Bakery/ Desserts/ Fast Food,350,1,3.8,30,19,41,Bakery,
70926,Five Star Chicken,13.0357890411,80.1567227393,Porur/ Chennai,Fast Food,300,1,3.5,62,33,65,Quick Bites,
18683955,Arcot Biryani,13.0336087372,80.1552223787,Porur/ Chennai,Biryani,300,1,3.4,23,3,0,Quick Bites,
19353906,Sri Annamalaiyar Tiffin And Fast Food,13.0335250000,80.1551030000,Porur/ Chennai,North Indian,250,1,0,0,0,0,Quick Bites,
18733204,Getty Chutney,13.0340993481,80.1573232189,Porur/ Chennai,South Indian/ Chinese,250,1,3.1,29,6,15,Quick Bites,
18981654,Desi Addict,13.0335404697,80.1548334584,Porur/ Chennai,North Indian,300,1,3.4,47,9,13,Quick Bites,
19306619,Chickpet Donne Biryani House,13.0346016376,80.1575244368,Porur/ Chennai,Andhra/ Biryani,500,2,3.3,12,10,3,Quick Bites,
19023467,Hotel Insomnia,13.0341826408,80.1574633643,Porur/ Chennai,South Indian,500,2,3.4,13,7,2,Quick Bites,
18369271,Avatar,13.0361747977,80.1568159461,Porur/ Chennai,North Indian/ Continental,800,2,3.9,209,109,143,Casual Dining,
71851,Campari Bar,13.0361865566,80.1568109170,Porur/ Chennai,Finger Food,1500,3,3.5,66,21,6,Bar,
70914,Ton Kiang,13.0362025617,80.1568498090,Porur/ Chennai,North Indian/ Continental,800,2,3.8,61,30,45,Casual Dining,
72272,Rohini Restaurant,13.0336727584,80.1573389769,Porur/ Chennai,North Indian,100,1,3.8,70,24,2,Quick Bites,
19385268,OYALO,13.0331000000,80.1551000000,Express Avenue Mall/  Royapettah/ Chennai,Pizza/ Italian/ Desserts,450,1,3.5,0,0,1,Kiosk,
19304188,Hot Spot,13.0337080000,80.1574160000,Porur/ Chennai,Biryani,300,1,3.2,7,5,0,Quick Bites,
19204986,Kaaraikudi Unavakam,13.0344030000,80.1577510000,Porur/ Chennai,Chettinad/ Chinese/ South Indian,250,1,0,3,2,0,Quick Bites,
19341717,Meenakshi Idlys & Dhosas,13.0347480000,80.1578340000,Porur/ Chennai,South Indian/ Chinese,300,1,0,1,1,0,,
72673,Al Ajwain,13.0363270097,80.1572501287,Porur/ Chennai,Chinese/ North Indian/ Arabian,600,2,4.0,450,216,122,Casual Dining,
67576,Arcot Biriyani,13.0331302110,80.1545937359,Porur/ Chennai,Biryani,250,1,3.8,250,104,1,Quick Bites,
67407,Copper Kitchen,13.0365595738,80.1571314409,Porur/ Chennai,North Indian/ Chinese/ Chettinad/ Seafood,1000,3,4.7,5073,4038,595,Casual Dining,
18728274,Hotel Pandian,13.0368666104,80.1552059501,Porur/ Chennai,Chinese/ North Indian/ South Indian,600,2,3.0,4,0,0,Quick Bites,
19143967,Chai Queen,13.0349740833,80.1535242051,Porur/ Chennai,Beverages/ Fast Food,300,1,0,3,2,0,,
19023680,Hotel Kollimalaisaaral,13.0328947039,80.1545122638,Porur/ Chennai,South Indian/ Chinese/ Arabian,300,1,0,0,0,0,Quick Bites,
71706,Lulu Biriyani Centre,13.0365543477,80.1573852450,Porur/ Chennai,Biryani/ South Indian,300,1,3.0,5,0,6,Quick Bites,
67587,Hotel Srinivasa,13.0329332474,80.1544203982,Porur/ Chennai,South Indian,200,1,3.0,14,4,3,Quick Bites,
18788932,Tasty Vitamins,13.0326500000,80.1547190000,Porur/ Chennai,Fast Food/ Beverages,200,1,3.2,9,4,5,Quick Bites,
18541494,S S Pandiyan,13.0358452224,80.1535470039,Porur/ Chennai,South Indian/ Chettinad/ Chinese,350,1,3.5,25,5,10,Quick Bites,
67553,Hotel Sri Vairam,13.0367829920,80.1576719061,Porur/ Chennai,Biryani/ South Indian/ Chinese/ North Indian,300,1,3.7,521,304,32,Quick Bites,
67589,Udipi Hotel Anugraha,13.0324756249,80.1543513313,Porur/ Chennai,South Indian/ North Indian,450,1,3.8,135,36,15,Quick Bites,
18879130,Secret Spices - Hotel AGT Park,13.0362799743,80.1534658670,Porur/ Chennai,South Indian/ Seafood/ Chinese/ Kerala/ North Indian,600,2,2.9,5,2,26,Quick Bites,
18428745,Kulfi House,13.0342123648,80.1586576179,Porur/ Chennai,Ice Cream/ Desserts/ Mithai,200,1,4.0,85,42,92,Dessert Parlour,
19324836,Chef's Sandwich,13.0371321640,80.1575079560,Porur/ Chennai,Fast Food,200,1,0,0,1,0,Quick Bites,
19334967,Chai Mug,13.0371030000,80.1576230000,Porur/ Chennai,Tea/ Beverages/ Fast Food,300,1,3.1,4,2,0,Beverage Shop,
19263390,IceBreakers,13.0363174181,80.1533250669,Porur/ Chennai,Ice Cream/ Desserts/ Beverages,500,2,3.6,14,9,28,Dessert Parlour,
19300959,Waffle Works,13.0363276616,80.1533279312,Porur/ Chennai,Desserts/ Beverages,350,1,0,0,0,0,Dessert Parlour,
19310091,Chef's Burger,13.0373297776,80.1574831456,Porur/ Chennai,Burger/ Fast Food/ Beverages,350,1,3.8,65,45,22,Quick Bites,
18737837,Madurai Pandian,13.0366758558,80.1534698904,Porur/ Chennai,South Indian/ Biryani,250,1,3.4,21,6,7,Mess,
18781243,Wok In China,13.0345906112,80.1591035351,Porur/ Chennai,Chinese,300,1,2.8,7,3,1,,
18781174,Big Paratha House,13.0345827719,80.1591055468,Porur/ Chennai,North Indian,200,1,3.4,21,10,1,,
18780751,Bistro 1427,13.0345726462,80.1591072232,Porur/ Chennai,Cafe/ Italian/ Mexican/ North Indian,800,2,4.0,304,189,226,Café,
19252286,Sandwich Sisters,13.0345837519,80.1591092348,Porur/ Chennai,Sandwich,200,1,0,3,0,0,Quick Bites,
18781204,Bunny Burgers,13.0345749327,80.1591095701,Porur/ Chennai,Burger,250,1,2.8,4,4,3,,
18781231,Gharwaalatiffin,13.0345795056,80.1591112465,Porur/ Chennai,North Indian/ Biryani,400,1,3.0,10,4,2,,
18781199,Bro Pizza,13.0345723196,80.1591122523,Porur/ Chennai,Italian,300,1,2.9,6,3,1,,
19213834,Aromatic Baker's Cafe,13.0345873449,80.1591384038,Porur/ Chennai,Cafe/ Bakery/ Sandwich,300,1,0,1,0,0,Café,
18975333,Roll Over,13.0346565920,80.1591638848,Porur/ Chennai,Ice Cream/ Desserts/ Fast Food,450,1,3.9,33,15,48,Dessert Parlour,
18781236,Pasta de Indifused,13.0345886514,80.1591705903,Porur/ Chennai,Italian,600,2,3.0,6,4,1,,
19125154,Royal Sandwich,13.0342440487,80.1592530683,Porur/ Chennai,Fast Food/ Desserts/ Beverages,150,1,0,2,0,16,Quick Bites,
18746949,Thangam Restaurant,13.0342754059,80.1594689861,Porur/ Chennai,Chinese/ South Indian/ North Indian,200,1,3.3,15,3,1,Quick Bites,
19374130,Chai Chai,13.0382920000,80.1564940000,Porur/ Chennai,Tea/ Juices/ Beverages,300,1,0,0,0,0,Beverage Shop,
19231097,Yaarab Biriyani,13.0319440000,80.1536110000,Porur/ Chennai,Biryani/ BBQ,200,1,0,0,0,0,Quick Bites,
19196238,Tasty Pizza,13.0373380000,80.1588490000,Porur/ Chennai,Pizza/ Fast Food,500,2,0,0,0,0,Quick Bites,
19316864,Yaa Mohaideen Biryani,13.0374146585,80.1588551279,Porur/ Chennai,North Indian/ Chinese/ Tamil,500,2,2.7,30,15,2,Quick Bites,
19341399,Mr. Kitchen,13.0304740000,80.1554450000,Porur/ Chennai,Chinese,250,1,3.4,10,10,0,,
18922970,SVS Salem Thattu Vadai Set,13.0384044005,80.1587578654,Porur/ Chennai,South Indian/ Fast Food,150,1,3.5,23,9,20,,
18901078,Bakers Dot,13.0302116711,80.1564732939,Porur/ Chennai,Bakery/ Burger/ Desserts/ Sandwich/ Pizza,250,1,2.9,14,2,3,Bakery,
69205,Anjappar,13.0336476072,80.1607530937,Porur/ Chennai,Chettinad/ North Indian/ Chinese/ Seafood,700,2,3.3,322,134,101,Casual Dining,
66087,Fennel,13.0377282705,80.1599035040,Grand Residence Hotel/ Porur/ Chennai,North Indian/ Chinese,1200,3,3.5,59,36,48,Casual Dining,
68710,Cakes and Berrys,13.0336113503,80.1608362421,Porur/ Chennai,Bakery,150,1,4.0,140,75,81,Bakery,
66071,Kebab E Que,13.0377530946,80.1600040868,Grand Residence Hotel/ Porur/ Chennai,North Indian/ Chettinad/ South Indian/ Finger Food,1600,3,3.2,14,2,15,Casual Dining,
66091,Bliss Bar,13.0379592001,80.1599048451,Grand Residence Hotel/ Porur/ Chennai,Finger Food,1000,3,2.9,43,21,9,Bar,
18719498,Chop Chop BBQ & Grill,13.0336508736,80.1609874517,Porur/ Chennai,BBQ/ Chinese/ Kebab/ North Indian,450,1,3.6,139,78,19,Casual Dining,
19018382,Rollita,13.0338112531,80.1610250026,Porur/ Chennai,Rolls/ North Indian,150,1,0,0,0,2,Quick Bites,
70929,Meat And Eat,13.0337632373,80.1610229909,Porur/ Chennai,Burger/ Fast Food,350,1,3.2,114,70,34,Quick Bites,
19018518,Paanagam,13.0337694434,80.1610353962,Porur/ Chennai,Rolls/ North Indian,300,1,0,1,0,0,Quick Bites,
18833920,Sugar Base Studio,13.0338573091,80.1610535011,Porur/ Chennai,Desserts/ Bakery,500,2,2.9,6,2,15,Dessert Parlour,
69300,The Grand Sweets and Snacks,13.0377021398,80.1602421328,Porur/ Chennai,Mithai/ Chinese/ Street Food/ South Indian/ North Indian,450,1,3.4,32,14,164,Sweet Shop,
19112081,Madurai Kannappar Chettinadu Restaurant,13.0339260000,80.1610980000,Porur/ Chennai,Chettinad/ Chinese/ North Indian/ Beverages,600,2,3.0,6,3,0,Quick Bites,
18694910,Sri Akshayaas Veg Treat,13.0377008333,80.1602662727,Porur/ Chennai,South Indian/ North Indian/ Chinese,350,1,3.1,8,2,0,Quick Bites,
18668827,FoodBook,13.0415812068,80.1713914052,Valasaravakkam/ Chennai,Street Food/ Fast Food/ Juices,250,1,3.2,23,18,3,Quick Bites,
19237323,Dakshin Bhojan,13.0467781335,80.1727288216,Valasaravakkam/ Chennai,South Indian,150,1,0,2,1,8,Quick Bites,
72669,Uttar Bhojan,13.0467732341,80.1729547977,Valasaravakkam/ Chennai,North Indian/ Street Food/ Sandwich,350,1,4.0,377,267,122,Quick Bites,
18528389,CK's Bakery,13.0412291013,80.1738084108,Valasaravakkam/ Chennai,Bakery/ Desserts/ Fast Food/ Sandwich,350,1,3.1,17,5,32,Bakery,
19303460,Star Caffe,13.0414310000,80.1741990000,Valasaravakkam/ Chennai,Fast Food/ Beverages/ Bakery,200,1,3.1,4,4,1,Quick Bites,
67682,Salem RR Briyani Unavagam,13.0412852814,80.1740045473,Valasaravakkam/ Chennai,Biryani/ Chettinad/ North Indian/ Chinese,600,2,3.5,234,48,14,Casual Dining,
18747959,The ThickShake Factory,13.0413626924,80.1742637157,Valasaravakkam/ Chennai,Beverages,400,1,3.8,236,86,40,Beverage Shop,
19242600,Coffee Sastra,13.0413310094,80.1742415875,Valasaravakkam/ Chennai,Beverages/ Fast Food,100,1,0,3,1,0,Beverage Shop,
68342,Nandhiniee Sweets,13.0408149358,80.1729839668,Valasaravakkam/ Chennai,Mithai/ Fast Food/ North Indian,400,1,3.6,44,20,44,Sweet Shop,
18709166,Dwaraka,13.0407992576,80.1729812846,Valasaravakkam/ Chennai,South Indian/ Street Food/ Desserts,300,1,3.2,4,2,7,Quick Bites,
68400,Friends Park,13.0426610372,80.1754921675,Valasaravakkam/ Chennai,North Indian/ Chinese/ South Indian,350,1,2.8,27,12,6,Quick Bites,
67537,Hotel Valasai Subha,13.0409589793,80.1736333966,Valasaravakkam/ Chennai,Chinese,150,1,3.1,20,9,13,Quick Bites,
19294678,Lovely Snacks,13.0411170676,80.1740806550,Valasaravakkam/ Chennai,Beverages/ Juices,100,1,0,0,0,1,Beverage Shop,
65240,Hot Spice Kitchen,13.0412454327,80.1744266599,Valasaravakkam/ Chennai,North Indian/ Chinese/ Chettinad,500,2,3.6,129,37,21,Quick Bites,
68261,Raj Iyengar Bakery,13.0415903523,80.1700938866,Valasaravakkam/ Chennai,Bakery,100,1,3.3,17,4,2,Bakery,
19294677,Balaji Sweets Sweets & Snacks,13.0409821699,80.1741446927,Valasaravakkam/ Chennai,Bakery/ Mithai,200,1,0,0,0,3,Sweet Shop,
18895958,Mcrennett,13.0456060000,80.1694080000,Valasaravakkam/ Chennai,Bakery/ Street Food,350,1,0,2,0,1,Bakery,
18528390,CK's Bakery,13.0429883170,80.1759176329,Valasaravakkam/ Chennai,Bakery/ Desserts/ Fast Food/ Sandwich,350,1,3.4,17,4,28,Bakery,
19331721,Shawarma & Grill,13.0416860000,80.1753010000,Valasaravakkam/ Chennai,Lebanese/ Chinese/ Arabian,200,1,0,2,0,0,,
18547299,Nayagaraa Fresh Juice,13.0426267414,80.1758800820,Valasaravakkam/ Chennai,Beverages/ Juices,100,1,3.1,4,0,0,Beverage Shop,
72124,Cakes and Berrys,13.0422076789,80.1757043973,Valasaravakkam/ Chennai,Bakery,150,1,3.1,23,12,18,Bakery,
18547300,The Cake World,13.0425565166,80.1759035513,Valasaravakkam/ Chennai,Bakery,500,2,0,3,4,13,Bakery,
19122910,Ajmeer Briyani,13.0403576545,80.1732324064,Valasaravakkam/ Chennai,Biryani,300,1,3.0,4,0,0,Quick Bites,
18885833,Pattanathil Paati Kadai,13.0410955101,80.1748963818,Valasaravakkam/ Chennai,South Indian/ Chettinad/ Biryani,400,1,3.1,28,12,2,Quick Bites,
18475399,French Breads,13.0415838198,80.1695748791,Valasaravakkam/ Chennai,Bakery,350,1,0,3,1,2,Bakery,
66856,The Cake World,13.0402563992,80.1718389988,Valasaravakkam/ Chennai,Bakery,500,2,3.4,25,15,24,Bakery,
18865133,Lassi Shop,13.0417468072,80.1756467298,Valasaravakkam/ Chennai,Beverages/ Ice Cream/ Juices/ Fast Food,200,1,3.4,32,8,10,Beverage Shop,
72755,J M Pork Shop,13.0403455692,80.1712432131,Valasaravakkam/ Chennai,North Indian/ Chinese,400,1,3.7,98,36,8,Quick Bites,
18475395,Amul Ice Cream Parlour,13.0403096399,80.1712287962,Valasaravakkam/ Chennai,Ice Cream/ Fast Food/ Beverages,300,1,3.2,12,1,21,Dessert Parlour,
19252651,Aranmanai,13.0413685717,80.1695517451,Valasaravakkam/ Chennai,Biryani/ South Indian,300,1,3.1,4,3,1,Quick Bites,
70275,Subway,13.0402671780,80.1709843799,Valasaravakkam/ Chennai,Healthy Food/ Fast Food,500,2,3.9,200,91,85,Quick Bites,
18617786,Glace Creamery,13.0400525821,80.1708683744,Valasaravakkam/ Chennai,Ice Cream/ Desserts,250,1,3.1,6,3,3,Dessert Parlour,
19318925,Bakes N Fryes,13.0395160000,80.1722990000,Valasaravakkam/ Chennai,Bakery/ Fast Food/ Sandwich/ Rolls/ Beverages/ Desserts,300,1,0,3,2,2,Bakery,
18597350,Salem Thattu Vadai Kadai,13.0393686174,80.1724076271,Valasaravakkam/ Chennai,Street Food/ South Indian,350,1,3.2,7,4,12,Quick Bites,
68758,Hotel Pandian,13.0417654250,80.1766937971,Valasaravakkam/ Chennai,Biryani/ Chettinad/ South Indian/ Chinese,400,1,3.5,62,23,11,Quick Bites,
19028719,Shree Vishwam Bhavan,13.0397151728,80.1704539731,Valasaravakkam/ Chennai,South Indian/ Chinese,350,1,0,2,2,2,Quick Bites,
18634295,Desi Khana,13.0395779879,80.1700030267,Valasaravakkam/ Chennai,North Indian,550,2,3.2,14,8,1,Quick Bites,
18386244,Skewered,13.0396103243,80.1699346304,Valasaravakkam/ Chennai,North Indian/ Fast Food/ Beverages,400,1,4.0,583,396,276,Quick Bites,
18594404,Bread & Butter,13.0395567569,80.1700174436,Valasaravakkam/ Chennai,Fast Food,200,1,0,2,0,0,,
18475393,Hotel Atchaya Bhavan,13.0419003223,80.1773361862,Valasaravakkam/ Chennai,South Indian/ Chinese,300,1,3.7,65,33,8,Quick Bites,
18621915,Chocolake,13.0482276747,80.1694830135,Porur/ Chennai,Bakery/ Fast Food,350,1,0,2,4,1,Bakery,
19278628,Foodie Box,13.0394009539,80.1698085666,Valasaravakkam/ Chennai,Street Food/ Fast Food,300,1,0,2,0,0,Food Truck,
18649108,Hew And Frost,13.0391990958,80.1696570218,Valasaravakkam/ Chennai,Bakery,400,1,3.4,8,1,1,Bakery,
19252108,"Five Star Chicken, Porur",13.0418820000,80.1669750000,Vepery/ Chennai,Fast Food,300,1,0,0,0,0,Quick Bites,
18797568,Frozen Bottle,13.0420900930,80.1783634722,Valasaravakkam/ Chennai,Beverages/ Desserts/ Ice Cream,400,1,3.9,99,43,43,Beverage Shop,
19293884,Corner Cafe,13.0489766119,80.1759012043,Valasaravakkam/ Chennai,Beverages/ Tea,100,1,0,0,0,1,Beverage Shop,
19267871,Mannahs Eat And Enjoy,13.0500470000,80.1707750000,Maduravoyal/ Chennai,Fast Food/ Chettinad,400,1,0,2,2,0,,
18662959,Cream & Fudge,13.0420280337,80.1787946373,Valasaravakkam/ Chennai,Ice Cream/ Desserts/ Fast Food,350,1,3.8,51,13,27,Dessert Parlour,
19132565,D.A Brother's Food Corner,13.0483237008,80.1773666963,Valasaravakkam/ Chennai,Chinese/ North Indian,400,1,3.1,13,7,1,Quick Bites,
68398,Baskaran Hotel,13.0483472174,80.1773905009,Valasaravakkam/ Chennai,Biryani/ Mughlai,200,1,0,2,0,3,Quick Bites,
19201686,Golden Fries,13.0502710000,80.1709960000,Maduravoyal/ Chennai,Fast Food,300,1,0,0,0,0,Quick Bites,
18966981,Le Smoothie,13.0502710000,80.1709960000,Maduravoyal/ Chennai,Beverages/ Sandwich,400,1,3.3,17,3,5,Beverage Shop,
19022928,Sandwich and Juice Corner,13.0502740000,80.1709950000,Maduravoyal/ Chennai,Sandwich/ Juices,250,1,0,3,1,2,,
19293883,Palamudhirsolai Cool Drinks,13.0482675223,80.1775209233,Valasaravakkam/ Chennai,Beverages/ Juices,100,1,0,0,0,1,Beverage Shop,
71842,Spice Bar,13.0417719576,80.1788348705,Valasaravakkam/ Chennai,Finger Food,1000,3,3.6,50,20,14,Bar,
67548,New Andhra Meals Hotel,13.0417223101,80.1788345352,Valasaravakkam/ Chennai,Andhra/ Chinese/ South Indian/ North Indian/ Biryani,600,2,3.7,701,311,136,Casual Dining,
18524393,Mami Bhojanam,13.0427642513,80.1658211276,Valasaravakkam/ Chennai,South Indian,300,1,0,1,1,1,Quick Bites,
19125289,Kumbakonam Subbaiya Mess,13.0432519044,80.1792978868,Valasaravakkam/ Chennai,South Indian,100,1,3.2,7,7,4,Quick Bites,
67901,Hotel Saravana Bhavan,13.0383309082,80.1681110635,Porur/ Chennai,North Indian/ South Indian/ Desserts/ Beverages/ Mithai,550,2,3.1,415,236,87,Casual Dining,
18682364,7Food Cafe,13.0507390000,80.1697950000,Valasaravakkam/ Chennai,Fast Food,400,1,3.2,6,1,1,Quick Bites,
65230,Hot Chips,13.0418336902,80.1797370985,Valasaravakkam/ Chennai,Street Food/ North Indian/ Chinese,400,1,3.8,159,55,43,Casual Dining,
18433745,Tuck Shop Gourmet,13.0419153472,80.1798849553,Valasaravakkam/ Chennai,Fast Food/ Italian/ Beverages,500,2,0,2,1,2,Casual Dining,
18433743,JDS Donut House,13.0418314038,80.1798779145,Valasaravakkam/ Chennai,Desserts/ Fast Food,400,1,2.7,54,31,9,Casual Dining,
18889951,Kolkata Chat & Fresh Juice Corner,13.0421864481,80.1800180599,Valasaravakkam/ Chennai,Street Food,100,1,0,2,0,0,Quick Bites,
19114288,King Sandwich,13.0391853773,80.1785763726,Valasaravakkam/ Chennai,Sandwich/ Fast Food,350,1,3.1,6,1,1,Quick Bites,
66961,Chit Chat,13.0420659225,80.1800599694,Valasaravakkam/ Chennai,Bakery/ Desserts/ Ice Cream,450,1,2.8,49,26,23,Dessert Parlour,
19365977,Chat Cups,13.0443800000,80.1646560000,Porur/ Chennai,Fast Food/ Beverages,100,1,0,0,0,0,Quick Bites,
19341059,Cheese And Spicy World,13.0360160000,80.1723680000,Ramapuram/ Chennai,Sandwich/ Fast Food/ Beverages,400,1,3.9,107,99,0,Quick Bites,
18707263,Nalabhojanam,13.0386885705,80.1786353812,Valasaravakkam/ Chennai,South Indian,250,1,3.1,9,2,0,Quick Bites,
19126934,The Chennai Sandwich Shop,13.0359399468,80.1723083854,Ramapuram/ Chennai,Sandwich/ Fast Food/ Street Food/ Beverages,250,1,4.1,440,243,2,Quick Bites,
19255917,Family Recipes,13.0484416000,80.1656727000,Maduravoyal/ Chennai,North Indian/ South Indian/ Chinese,500,2,3.3,10,9,3,,
19364171,Pandiyan,13.0437510000,80.1808760000,Valasaravakkam/ Chennai,North Indian,150,1,0,1,1,0,,
19291349,Hot And Cold,13.0495670000,80.1664450000,Porur/ Chennai,Beverages/ Juices/ Sandwich,350,1,0,3,0,0,,
18538273,Hotel Muraa,13.0485088939,80.1655700058,Maduravoyal/ Chennai,Chinese/ North Indian/ South Indian,550,2,2.8,81,50,3,Quick Bites,
19016384,Shoppers Cafe,13.0377717000,80.1782167000,Valasaravakkam/ Chennai,Beverages/ Sandwich/ Pizza,300,1,3.4,13,10,1,Beverage Shop,
18731158,Cake Square,13.0430105276,80.1640126482,Valasaravakkam/ Chennai,Bakery/ Desserts,400,1,0,3,3,1517,Bakery,
18783483,Pizza Square,13.0430007288,80.1640106365,Valasaravakkam/ Chennai,Pizza/ Fast Food,300,1,3.1,6,0,2,Quick Bites,
19195677,2Idly 1Vadai Restaurants,13.0501720000,80.1664160000,Maduravoyal/ Chennai,South Indian,150,1,3.3,7,2,0,Quick Bites,
18625210,Get 2 Gether,13.0428873895,80.1636891067,Porur/ Chennai,Fast Food/ Italian/ Beverages,350,1,3.5,25,8,28,Quick Bites,
18352012,Thashu's Biriyani Hub,13.0438496292,80.1635513082,Porur/ Chennai,Biryani,500,2,0,1,0,0,,
19157087,Tenkasi Parotta Restaurants,13.0419731603,80.1812924445,Valasaravakkam/ Chennai,South Indian/ Biryani/ Street Food/ Juices/ Beverages,650,2,3.1,24,10,13,Casual Dining,
19356119,Podiyum Idliyum,13.0417070000,80.1812370000,Ramapuram/ Chennai,South Indian,200,1,0,0,0,0,Quick Bites,
18596733,Arabian Kitchen,13.0431748206,80.1634953171,Maduravoyal/ Chennai,Biryani/ Fast Food/ Chinese,200,1,3.0,6,1,0,Quick Bites,
19345916,Tea Villa,13.0416240000,80.1812550000,Valasaravakkam/ Chennai,Cafe,150,1,0,0,0,0,Café,
19093861,Hotel Shanmugha Bhavan,13.0504045836,80.1663324237,Maduravoyal/ Chennai,South Indian/ Chinese,200,1,0,2,0,0,Quick Bites,
18878369,Spazio Restaurant,13.0381917627,80.1655824110,Porur/ Chennai,Continental/ Italian/ Pizza/ Steak/ Thai/ Asian,800,2,3.8,127,70,336,Casual Dining,
19035903,Hotel Shanmuga Bhavan,13.0508430000,80.1666550000,Maduravoyal/ Chennai,South Indian,300,1,0,1,0,0,Quick Bites,
19185120,SubC,13.0418683128,80.1635482907,Porur/ Chennai,American/ Salad,400,1,0,1,1,1,,
18979960,CrossRoad,13.0418683128,80.1635482907,Porur/ Chennai,Chinese/ North Indian,250,1,3.6,53,29,2,,
68275,Ganga Sweets,13.0424634280,80.1816263795,Valasaravakkam/ Chennai,Mithai/ South Indian/ Chinese/ Street Food/ Beverages,300,1,3.7,86,48,31,Sweet Shop,
19242601,McCafe by McDonald's,13.0425728480,80.1816843823,Valasaravakkam/ Chennai,Coffee/ Cafe/ Beverages/ Desserts/ Tea,500,2,0,3,2,1,Café,
68274,McDonald's,13.0425150350,80.1817031577,Valasaravakkam/ Chennai,Burger/ Fast Food,500,2,3.7,438,182,160,Quick Bites,
19337927,Saint Pope Johnpaul II,13.0353820000,80.1692320000,Porur/ Chennai,Fast Food/ Beverages,150,1,3.2,4,3,3,Quick Bites,
19288587,Crazy Foods,13.0418074801,80.1633897671,Porur/ Chennai,Fast Food/ Beverages,350,1,3.3,12,11,9,,
19155705,Hot Bite,13.0429030000,80.1818950000,Valasaravakkam/ Chennai,Fast Food,250,1,0,0,0,0,Quick Bites,
19285112,Moms Kitchen,13.0347220000,80.1721940000,Porur/ Chennai,South Indian/ Chinese,200,1,0,0,0,0,Quick Bites,
71704,Raspberry Ice Cream Cafe,13.0445195366,80.1820018888,Valasaravakkam/ Chennai,Ice Cream/ Fast Food/ Street Food,300,1,3.5,41,29,13,Dessert Parlour,
19364755,Arcot Dum Biryani And Fast Food,13.0346080000,80.1729330000,Ramapuram/ Chennai,Chinese/ Biryani,200,1,0,0,0,0,,
19157589,Nalapagam Restaurant,13.0346795000,80.1738480000,Ramapuram/ Chennai,South Indian/ Chinese,400,1,0,0,0,0,Quick Bites,
70900,Aaram Restaurant,13.0463999057,80.1817799360,Valasaravakkam/ Chennai,South Indian,500,2,3.7,99,55,24,Quick Bites,
18566274,Taste D Roll,13.0077274722,80.2128697559,Guindy/ Chennai,Fast Food/ Beverages,250,1,0,2,0,0,,
18540446,GK Veg Restaurant,13.0098096762,80.2113090456,Pallavaram/ Chennai,South Indian/ North Indian/ Chinese,200,1,3.2,11,0,1,Quick Bites,
18541461,Hotel Velcome,13.0097786425,80.2112490311,Guindy/ Chennai,South Indian,250,1,0,1,0,0,Casual Dining,
65493,Sangeetha Veg Restaurant,13.0084448448,80.2105077356,Guindy/ Chennai,South Indian/ North Indian/ Chinese/ Chettinad,500,2,4.0,323,177,130,Casual Dining,
67594,Sree Nithyasree Hotel,13.0106459503,80.2117824554,Guindy/ Chennai,South Indian,150,1,0,2,2,2,Quick Bites,
19366086,Sri Maheswari Hotel,13.0061660000,80.2117530000,Guindy/ Chennai,South Indian,150,1,0,1,1,0,Quick Bites,
18517188,Al Arabian Delights,13.0068140933,80.2097087726,Guindy/ Chennai,Arabian/ Biryani/ North Indian/ Chinese,400,1,3.6,166,118,28,Casual Dining,
18854391,Aura -Klase Hotels,13.0107589777,80.2151197940,Guindy/ Chennai,South Indian/ North Indian/ Chinese/ European,700,2,3.3,13,4,6,Casual Dining,
19211213,Sandy's Biryani-N-Grill,13.0066131886,80.2096866444,Guindy/ Chennai,Biryani/ South Indian/ Chinese/ Arabian,300,1,3.3,8,5,4,Quick Bites,
19197604,Undercover,13.0107263108,80.2153166011,Guindy/ Chennai,Continental/ South Indian/ North Indian/ Chinese,1400,3,3.7,38,26,68,Bar,
19274186,Taste Theory,13.0061787114,80.2098901570,Guindy/ Chennai,South Indian/ Chinese/ Chettinad/ North Indian,350,1,3.7,33,24,20,Quick Bites,
68744,The Moon And Sixpence - Hablis Hotel,13.0075723026,80.2084203064,Hablis Hotel/ Guindy/ Chennai,Irish/ Finger Food,2500,4,4.3,1146,551,432,Bar,
71412,Hearth - Hablis Hotel,13.0076640977,80.2083220705,Hablis Hotel/ Guindy/ Chennai,Cafe,1000,3,3.6,35,10,14,Café,
73008,The Spice - Hablis Hotel,13.0074331398,80.2080756426,Hablis Hotel/ Guindy/ Chennai,South Indian/ North Indian/ Salad/ Asian,2000,4,4.0,293,181,251,Fine Dining,
67293,Punjabi Nation,13.0076438440,80.2079026401,Guindy/ Chennai,North Indian/ Chinese,700,2,4.0,711,464,176,Casual Dining,
18589047,Amma Unavagam,13.0036936831,80.2120671049,Guindy/ Chennai,South Indian,150,1,0,3,1,0,,
18610229,Hotel Malaiyappa,13.0131478955,80.2102462202,Guindy/ Chennai,Fast Food/ North Indian/ South Indian/ Beverages,250,1,2.9,17,5,10,Quick Bites,
19231587,Cafe Coffee Day,13.0111869135,80.2079864591,Guindy/ Chennai,Cafe/ Fast Food/ Desserts/ Beverages/ Sandwich,600,2,0,0,0,33,Café,
18653078,Parthiban Restaurant,13.0114260346,80.2079314739,Guindy/ Chennai,South Indian/ Biryani,250,1,0,1,0,0,Quick Bites,
18668883,Adambakkam Moghul Biryani,13.0036348810,80.2098086849,Guindy/ Chennai,Chinese/ Chettinad/ Biryani/ Mughlai,400,1,3.2,45,36,1,Quick Bites,
72028,Dindigul Thalappakatti,13.0075154615,80.2069973946,Guindy/ Chennai,South Indian/ Biryani/ Chinese/ North Indian,900,2,3.9,412,295,160,Casual Dining,
18740686,Tea Talk,13.0139266653,80.2113402262,Guindy/ Chennai,Beverages/ Fast Food,100,1,0,0,0,0,Beverage Shop,
19151924,The ThickShake Factory,13.0078610000,80.2066830000,GST Road/ Chennai,Beverages,400,1,3.3,4,2,26,Beverage Shop,
19275292,North Indian Hub,13.0144424683,80.2125492319,Guindy/ Chennai,North Indian/ Chinese/ Kebab,300,1,3.8,35,23,1,,
18740678,Namma Veetu Coffee,13.0137754196,80.2098395303,Guindy/ Chennai,Fast Food/ Street Food/ Beverages,200,1,0,1,0,0,Quick Bites,
18937913,Thambi Vilas,13.0073932857,80.2065169439,Alandur/ Chennai,South Indian/ Biryani,500,2,2.5,321,219,100,Casual Dining,
19351509,Vaazhai Ilai Biryani & Fast Food,13.0032750000,80.2091040000,Guindy/ Chennai,Biryani/ Chinese,300,1,3.2,5,4,0,Quick Bites,
18867984,Lassi Factory,13.0020318658,80.2124540135,Guindy/ Chennai,Beverages/ Ice Cream/ Desserts,150,1,3.4,23,9,3,Beverage Shop,
18740306,Hotel Mina,13.0146289934,80.2111474425,Guindy/ Chennai,South Indian/ Chettinad,300,1,3.5,27,13,10,Quick Bites,
19333759,Youngsters Choice,13.0153401394,80.2118625864,Guindy/ Chennai,Beverages/ Burger/ Sandwich/ Pizza,150,1,0,2,2,4,Quick Bites,
66034,Cilantro - Le Royal Meridien,13.0066471628,80.2055744827,Le Royal Meridien/ St. Thomas Mount/ Chennai,European/ Chinese/ Continental,3000,4,3.9,188,97,367,Fine Dining,
66033,Kayal - Le Royal Meridien,13.0066634965,80.2055701241,Le Royal Meridien/ St. Thomas Mount/ Chennai,Seafood,2500,4,3.6,40,16,9,Fine Dining,
18560581,Chaat Dukaan,13.0032722679,80.2075489238,Alandur/ Chennai,Street Food/ Fast Food,150,1,2.9,17,9,6,Quick Bites,
66039,Le Gourmandise - Le Royal Meridien,13.0065370735,80.2055245265,Le Royal Meridien/ St. Thomas Mount/ Chennai,Bakery/ Desserts,1500,3,3.5,18,9,10,Dessert Parlour,
19084163,The Maari's Sandwich Shop,13.0015624257,80.2101439610,Guindy/ Chennai,Sandwich/ Fast Food/ Beverages,400,1,0,1,0,0,,
19361834,Tasty Teddy,13.0160380000,80.2128150000,Guindy/ Chennai,Asian/ Chinese,300,1,0,0,0,0,Food Truck,
19096127,V M K S Tea Stall,13.0007339613,80.2133867517,Guindy/ Chennai,Street Food,100,1,0,0,0,0,,
66994,Cafe Mercara Express - ITC Grand Chola,13.0114747081,80.2201190963,ITC Grand Chola/ Guindy/ Chennai,Cafe/ South Indian/ Continental/ North Indian,2500,4,4.2,294,142,392,Café,
18369272,Fabelle Chocolate Boutique - ITC Grand Chola,13.0117706691,80.2199843153,ITC Grand Chola/ Guindy/ Chennai,Desserts/ Ice Cream,1300,3,4.3,195,97,430,Dessert Parlour,
66996,Peshawri - ITC Grand Chola,13.0115308950,80.2201358601,ITC Grand Chola/ Guindy/ Chennai,North Indian/ Mughlai,4500,4,4.4,629,298,299,Fine Dining,
67002,The Cheroot Malt & Cigar Lounge - ITC Grand Chola,13.0115730352,80.2201318368,ITC Grand Chola/ Guindy/ Chennai,Finger Food,3000,4,4.2,159,63,65,Lounge,
18510341,Avartana - ITC Grand Chola,13.0115135816,80.2202548832,ITC Grand Chola/ Guindy/ Chennai,South Indian/ Chinese/ Desserts,4500,4,4.6,361,157,673,Fine Dining,
67001,Tranquebar - ITC Grand Chola,13.0115834885,80.2203212678,ITC Grand Chola/ Guindy/ Chennai,Finger Food,3000,4,3.7,60,19,77,Pub,
68173,Hotel Vasantham,13.0065527539,80.2040355653,Alandur/ Chennai,South Indian,200,1,3.6,49,11,3,Quick Bites,
19007991,Madurai Nachiyar Mess,13.0065808479,80.2040258422,St. Thomas Mount/ Chennai,Chinese/ North Indian/ Chettinad/ South Indian,400,1,3.2,26,5,10,Quick Bites,
19030003,Panda Express,12.9994781923,80.2095277235,Guindy/ Chennai,Street Food,150,1,3.2,8,0,0,Quick Bites,
69184,Maharaja Golden Snacks,13.0058657567,80.2031527832,Alandur/ Chennai,Juices/ Ice Cream/ Beverages,150,1,0,0,0,3,Beverage Shop,
19326103,Hotel Saloka,13.0056994789,80.2031400427,Alandur/ Chennai,South Indian/ North Indian/ Chettinad,300,1,0,3,0,0,Quick Bites,
18726309,Cakes & More,13.0056792250,80.2030267194,Alandur/ Chennai,Bakery/ Desserts/ Fast Food,400,1,0,2,1,8,Bakery,
19246510,Janani's Kitchen,13.0057641606,80.2028309181,Alandur/ Chennai,North Indian/ Chinese/ Andhra/ Juices,500,2,3.4,12,9,0,Quick Bites,
18580251,Delicacy,13.0107145507,80.2226678655,Guindy/ Chennai,Fast Food/ Pizza/ Sandwich/ Beverages,500,2,3.5,52,28,4,Quick Bites,
18534656,The Coffee Place,13.0121185697,80.2223299071,Ramada Plaza/ Guindy/ Chennai,Continental/ Burger/ American/ South Indian/ North Indian,1500,3,4.5,111,81,431,Casual Dining,
18959335,The Roof Top Lounge,13.0119225694,80.2224563062,Ramada Plaza/ Guindy/ Chennai,BBQ/ North Indian/ Continental,1200,3,4.1,114,74,84,Casual Dining,
18660495,Extase,13.0121136697,80.2224677056,Ramada Plaza/ Guindy/ Chennai,Continental/ North Indian/ Finger Food/ Italian,2000,4,3.8,111,56,74,Bar,
18571487,Scallion,13.0121384964,80.2224616706,Ramada Plaza/ Guindy/ Chennai,Chinese/ Japanese/ Asian/ Thai,2000,4,4.5,172,133,196,Casual Dining,
68044,Annapoorna Hot Veg Restaurant,13.0056236902,80.2025090531,Alandur/ Chennai,South Indian/ Chinese/ North Indian/ Beverages,250,1,2.8,74,42,4,Quick Bites,
19378356,Ranjana's Sweets & Snacks,12.9994870000,80.2073850000,Adambakkam/ Chennai,Fast Food/ Desserts,250,1,0,1,1,1,Quick Bites,
19061756,Waffles Thru The Day,13.0154776644,80.2047000825,Guindy/ Chennai,Cafe/ Desserts/ Beverages/ American,800,2,0,3,0,37,Food Court,
18866696,ZinGii,13.0080619850,80.2017070726,St. Thomas Mount/ Chennai,Bakery,150,1,0,0,0,6,Bakery,
18664281,Gowtham Mess,13.0080018773,80.2017077431,St. Thomas Mount/ Chennai,South Indian,150,1,0,1,1,0,Mess,
69720,Hotel Mass,12.9990051539,80.2074218541,Adambakkam/ Chennai,Biryani/ Fast Food/ BBQ,300,1,4.0,643,203,31,Quick Bites,
72108,SLB Cake House,13.0015228973,80.2041904628,Alandur/ Chennai,Bakery/ Street Food,200,1,3.5,25,7,14,Bakery,
19341095,Madurai Kothu Kadai,13.0076497241,80.2016091719,St. Thomas Mount/ Chennai,South Indian/ Fast Food,450,1,0,0,0,0,,
19279727,China House,13.0076497241,80.2016091719,St. Thomas Mount/ Chennai,Chinese,300,1,0,0,0,0,,
19002437,The Xtreme Kitchen,12.9988829739,80.2074258775,Adambakkam/ Chennai,Chinese/ South Indian,250,1,3.2,5,1,6,Quick Bites,
18415249,Cafe Coffee Day Value Express,13.0010420223,80.2045431733,Alandur/ Chennai,Coffee/ Beverages/ Fast Food,200,1,3.1,5,1,28,,
19144722,Traditional Southee,13.0074906343,80.2016001195,St. Thomas Mount/ Chennai,South Indian,250,1,2.9,5,1,0,,
19339596,Just Soup & Sandwich,13.0076046432,80.2015887201,St. Thomas Mount/ Chennai,Sandwich/ Chinese,200,1,0,0,0,0,,
70805,Neyyar,13.0076046432,80.2015887201,St. Thomas Mount/ Chennai,Kerala/ North Indian/ Chinese,600,2,3.3,60,40,42,Casual Dining,
65156,Domino's Pizza,13.0133814614,80.2225941047,Saidapet/ Chennai,Pizza/ Fast Food,400,1,3.6,308,196,60,Quick Bites,
19126807,Bamboo Paradise Restaurant,13.0162463004,80.2049558982,Ekkaduthangal/ Chennai,Chinese/ Chettinad/ North Indian/ Biryani,400,1,3.1,4,1,23,Quick Bites,
19278698,Sri Lekha Andhra Mess,13.0165730000,80.2052390000,Ekkaduthangal/ Chennai,Andhra/ South Indian,200,1,0,0,0,0,Quick Bites,
19162803,Hotel Malai,13.0009933468,80.2044093981,Alandur/ Chennai,Biryani/ Chinese/ South Indian,200,1,0,0,0,1,Quick Bites,
70107,Cafe Coffee Day,13.0114485747,80.2235151082,Guindy/ Chennai,Cafe/ Fast Food/ Desserts/ Beverages/ Sandwich,600,2,2.7,33,20,68,Café,
18510172,Grand Hotel,13.0113211742,80.2235597000,Guindy/ Chennai,North Indian/ Chinese/ Biryani/ Mughlai,600,2,3.4,29,6,15,Quick Bites,
18397555,Shrinivassa Bhavan,12.9980613611,80.2088062093,Adambakkam/ Chennai,South Indian,200,1,0,1,1,2,Quick Bites,
18720149,Madras Cafe,13.0009133097,80.2043852583,Alandur/ Chennai,South Indian/ Chinese/ Biryani,300,1,3.4,23,3,2,Casual Dining,
19333211,Chennai Super Kitchen,13.0158690000,80.2042940000,Ramapuram/ Chennai,Street Food,250,1,0,0,0,0,Kiosk,
69401,Anjali Sweets,12.9985706633,80.2074503526,Adambakkam/ Chennai,Mithai/ Desserts/ Street Food,150,1,3.4,12,3,2,Sweet Shop,
18590953,Ezhil Unavagam,12.9975406237,80.2102234215,Velachery/ Chennai,South Indian/ Chinese,250,1,3.5,33,18,6,Quick Bites,
66060,Est - Hilton Chennai,13.0166069345,80.2049505338,Hilton Chennai/ Guindy/ Chennai,Continental/ Cafe/ Desserts/ Italian/ North Indian,1500,3,3.7,113,42,138,Fine Dining,
69139,Sri Lakshmi Bakery Dessert House,12.9985053264,80.2074255422,Adambakkam/ Chennai,Bakery/ Street Food,300,1,3.5,17,3,6,Bakery,
66059,Vasco's - Hilton Chennai,13.0166961130,80.2049387991,Hilton Chennai/ Guindy/ Chennai,North Indian/ Continental/ Asian,3400,4,4.3,547,276,1519,Fine Dining,
65809,Stimulation,13.0138567591,80.2227463201,The Checkers Hotel/ Saidapet/ Chennai,Fast Food/ Chinese/ North Indian,1100,3,2.6,22,11,13,Casual Dining,
18664685,Amma Unavagam,13.0174644186,80.2058701962,Guindy/ Chennai,South Indian,150,1,0,1,0,0,,
18452775,Tibb's Frankie,13.0170979058,80.2053498477,Ekkaduthangal/ Chennai,Rolls,200,1,3.6,40,7,4,,
18617503,Andhra Mess,13.0122525032,80.2235838398,Guindy/ Chennai,Andhra/ Chinese/ South Indian,450,1,3.6,60,19,1,Mess,
66106,Poison,13.0139312386,80.2227989584,The Checkers Hotel/ Saidapet/ Chennai,North Indian/ Finger Food,1100,3,2.6,25,9,3,Bar,
19002471,Kerala Restaurant,12.9982387513,80.2074335888,Adambakkam/ Chennai,North Indian/ Chinese,300,1,0,2,0,1,Quick Bites,
18470442,Madurai Nachiar,12.9969819896,80.2120624110,Velachery/ Chennai,South Indian/ Biryani/ Chinese,350,1,3.2,542,393,19,Quick Bites,
67942,Ponnusamy Hotels,13.0135585140,80.2232002839,Saidapet/ Chennai,Chettinad/ South Indian/ Chinese,750,2,2.2,126,73,236,Casual Dining,
18223080,Om Shiva Andhra Mess,13.0120597697,80.2238433436,Saidapet/ Chennai,South Indian/ Chinese,450,1,3.0,9,2,11,Mess,
72842,CK's Bakery,13.0121692031,80.2238088101,Saidapet/ Chennai,Bakery/ Desserts/ Fast Food/ Sandwich,350,1,3.7,53,31,58,Bakery,
19325630,Salem RR Biriyani Unavagam,12.9981600000,80.2073650000,Adambakkam/ Chennai,Biryani/ South Indian/ Chettinad/ North Indian/ Chinese,600,2,0,0,0,1,Quick Bites,
19209028,Fathima Biryani,13.0122407432,80.2238198742,Saidapet/ Chennai,Biryani/ North Indian,200,1,2.9,6,1,0,Quick Bites,
18509545,Aavin Junction,13.0110582062,80.2242775261,Guindy/ Chennai,Ice Cream,200,1,0,3,1,0,Dessert Parlour,
18554305,Chendur,13.0139348320,80.2231811732,Saidapet/ Chennai,South Indian/ North Indian/ Chinese,650,2,3.8,116,79,40,Casual Dining,
72172,Hotel New Nellai,13.0006232161,80.2038286999,Alandur/ Chennai,South Indian/ Fast Food,250,1,0,2,1,4,Quick Bites,
18664169,Bombay Biriyani,13.0176845873,80.2054480836,Ekkaduthangal/ Chennai,Biryani/ Fast Food,250,1,0,2,0,0,Quick Bites,
18664184,Sri Lakshmi Venkateshwara Andhra Mess,13.0159771311,80.2034575492,Ekkaduthangal/ Chennai,Andhra/ North Indian,300,1,0,1,0,3,Mess,
